{
  "graph": {
    "Cases": 40,
    "PrecisionAt1": 0.225,
    "PrecisionAtK": 0.024999999999999998,
    "RecallAtK": 0.25,
    "Mrr": 0.23333333333333334
  }
}