{
  "graph": {
    "Cases": 15,
    "PrecisionAt1": 0.2,
    "PrecisionAtK": 0.02666666666666667,
    "RecallAtK": 0.26666666666666666,
    "Mrr": 0.22222222222222224
  }
}