{
  "source": "summary",
  "usePrefix": true,
  "cases": 15,
  "k": 10,
  "semantic": {
    "p1": 0.5333333333333333,
    "recallK": 0.8666666666666667,
    "mrr": 0.6728715728715728
  },
  "hybrid": {
    "p1": 0.5333333333333333,
    "recallK": 0.8666666666666667,
    "mrr": 0.6728715728715728
  }
}