{
  "source": "code",
  "usePrefix": false,
  "cases": 15,
  "k": 10,
  "semantic": {
    "p1": 0.6,
    "recallK": 1,
    "mrr": 0.7650793650793651
  },
  "hybrid": {
    "p1": 0.6,
    "recallK": 1,
    "mrr": 0.7650793650793651
  }
}