{
  "source": "code",
  "usePrefix": true,
  "cases": 15,
  "k": 10,
  "semantic": {
    "p1": 0.6,
    "recallK": 0.9333333333333333,
    "mrr": 0.7122222222222222
  },
  "hybrid": {
    "p1": 0.6,
    "recallK": 0.9333333333333333,
    "mrr": 0.7122222222222222
  }
}