{
  "tokenReductionPct": 74.12752482634879,
  "tokenQueries": 7,
  "retrieval": {
    "graph": {
      "cases": 200,
      "precisionAt1": 0.89,
      "precisionAtK": 0.1875000000000006,
      "recallAtK": 0.9908333333333332,
      "mrr": 0.9285119047619047
    },
    "semantic": {
      "cases": 200,
      "precisionAt1": 0.895,
      "precisionAtK": 0.1170000000000002,
      "recallAtK": 0.9883333333333333,
      "mrr": 0.9332142857142857
    },
    "hybrid": {
      "cases": 200,
      "precisionAt1": 0.93,
      "precisionAtK": 0.16650000000000056,
      "recallAtK": 0.9983333333333333,
      "mrr": 0.9595833333333332
    }
  },
  "ragBaseline": null
}