{
  "tokenReductionPct": 96.19565815444054,
  "tokenQueries": 7,
  "retrieval": {
    "graph": {
      "cases": 33,
      "precisionAt1": 0.12121212121212122,
      "precisionAtK": 0.02727272727272727,
      "recallAtK": 0.21212121212121213,
      "mrr": 0.15404040404040406
    },
    "semantic": {
      "cases": 33,
      "precisionAt1": 0.36363636363636365,
      "precisionAtK": 0.2666666666666666,
      "recallAtK": 0.8181818181818182,
      "mrr": 0.5117003367003368
    },
    "hybrid": {
      "cases": 33,
      "precisionAt1": 0.45454545454545453,
      "precisionAtK": 0.2636363636363636,
      "recallAtK": 0.8787878787878788,
      "mrr": 0.584090909090909
    }
  },
  "ragBaseline": null
}