{
  "tokenReductionPct": 73.82716156976896,
  "tokenQueries": 7,
  "retrieval": {
    "graph": {
      "cases": 33,
      "precisionAt1": 0.09090909090909091,
      "precisionAtK": 0.024242424242424242,
      "recallAtK": 0.18181818181818182,
      "mrr": 0.12373737373737376
    },
    "semantic": {
      "cases": 33,
      "precisionAt1": 0.48484848484848486,
      "precisionAtK": 0.2848484848484848,
      "recallAtK": 0.7272727272727273,
      "mrr": 0.5732323232323232
    },
    "hybrid": {
      "cases": 33,
      "precisionAt1": 0.45454545454545453,
      "precisionAtK": 0.2787878787878787,
      "recallAtK": 0.8181818181818182,
      "mrr": 0.5889730639730639
    }
  },
  "ragBaseline": {
    "queries": 33,
    "chunks": 1189,
    "ragAvgTokens": 9067.10606060606,
    "ragCoverage": 0.8484848484848485,
    "ragHybridCoverage": 0.8484848484848485,
    "shonkorAvgTokens": 9372.128787878788,
    "shonkorCoverage": 0.8181818181818182,
    "shonkorSeedSurvival": 1,
    "shonkorHybridCoverage": 0.9393939393939394,
    "seedMissedTarget": 6,
    "ragKeywordFiredQueries": 10,
    "tokenSavingPct": -3.3640582257878693
  }
}