{
  "tokenReductionPct": 75.91513875303974,
  "tokenQueries": 7,
  "retrieval": {
    "graph": {
      "cases": 33,
      "precisionAt1": 0.09090909090909091,
      "precisionAtK": 0.024242424242424242,
      "recallAtK": 0.18181818181818182,
      "mrr": 0.12373737373737376
    },
    "semantic": {
      "cases": 33,
      "precisionAt1": 0.48484848484848486,
      "precisionAtK": 0.28181818181818186,
      "recallAtK": 0.696969696969697,
      "mrr": 0.5704545454545454
    },
    "hybrid": {
      "cases": 33,
      "precisionAt1": 0.48484848484848486,
      "precisionAtK": 0.27878787878787875,
      "recallAtK": 0.7878787878787878,
      "mrr": 0.5982323232323231
    }
  },
  "ragBaseline": {
    "queries": 33,
    "chunks": 1119,
    "ragAvgTokens": 8683.09090909091,
    "ragCoverage": 0.8787878787878788,
    "shonkorAvgTokens": 8939.848484848484,
    "shonkorCoverage": 0.8484848484848485,
    "shonkorSeedSurvival": 1,
    "tokenSavingPct": -2.9569836184573095
  }
}