{
  "tokenReductionPct": 83.79901273497808,
  "tokenQueries": 7,
  "retrieval": {
    "graph": {
      "cases": 33,
      "precisionAt1": 0.09090909090909091,
      "precisionAtK": 0.015151515151515152,
      "recallAtK": 0.12121212121212122,
      "mrr": 0.10606060606060606
    },
    "semantic": {
      "cases": 33,
      "precisionAt1": 0.12121212121212122,
      "precisionAtK": 0.06969696969696969,
      "recallAtK": 0.18181818181818182,
      "mrr": 0.14646464646464646
    },
    "hybrid": {
      "cases": 33,
      "precisionAt1": 0.18181818181818182,
      "precisionAtK": 0.0818181818181818,
      "recallAtK": 0.2727272727272727,
      "mrr": 0.21212121212121213
    }
  },
  "ragBaseline": null
}